PALABRA,CATEGORÍA,TIPO
a_barlovento,ADVERVIO,GENERAL
a_barrisco,ADVERVIO,GENERAL
a_base_de_bien,ADVERVIO,GENERAL
a_boca_de_cañón,ADVERVIO,GENERAL
a_bocajarro,ADVERVIO,GENERAL
a_bombo_y_platillo,ADVERVIO,GENERAL
a_borbollones,ADVERVIO,GENERAL
a_borbotones,ADVERVIO,GENERAL
a_bordo,ADVERVIO,GENERAL
a_bote_pronto,ADVERVIO,GENERAL
a_brazo_partido,ADVERVIO,GENERAL
a_bruces,ADVERVIO,GENERAL
a_buen_recaudo,ADVERVIO,GENERAL
a_buen_seguro,ADVERVIO,GENERAL
a_buen_tino,ADVERVIO,GENERAL
a_buena_cuenta,ADVERVIO,GENERAL
a_buena_fe,ADVERVIO,GENERAL
a_buena_luz,ADVERVIO,GENERAL
a_buena_vista,ADVERVIO,GENERAL
a_buenas_horas,ADVERVIO,GENERAL
a_buenas_noches,ADVERVIO,GENERAL
a_bulto,ADVERVIO,GENERAL
a_cada_instante,ADVERVIO,GENERAL
a_cada_momento,ADVERVIO,GENERAL
a_cada_paso,ADVERVIO,GENERAL
a_cada_rato,ADVERVIO,GENERAL
a_cada_trique,ADVERVIO,GENERAL
a_cada_triquitraque,ADVERVIO,GENERAL
a_caja_y_espiga,ADVERVIO,GENERAL
a_cal_y_canto,ADVERVIO,GENERAL
a_caliche,ADVERVIO,GENERAL
a_cambio,ADVERVIO,GENERAL
a_campo_raso,ADVERVIO,GENERAL
a_campo_traviesa,ADVERVIO,GENERAL
a_cántaros,ADVERVIO,GENERAL
a_cara_de_perro,ADVERVIO,GENERAL
a_cara_descubierta,ADVERVIO,GENERAL
a_carcajada_limpia,ADVERVIO,GENERAL
a_carretadas,ADVERVIO,GENERAL
a_carta_cabal,ADVERVIO,GENERAL
a_casquete_quitado,ADVERVIO,GENERAL
a_centenares,ADVERVIO,GENERAL
a_cepillo,ADVERVIO,GENERAL
a_cercen,ADVERVIO,GENERAL
a_cercén,ADVERVIO,GENERAL
a_chorros,ADVERVIO,GENERAL
a_cielo_descubierto,ADVERVIO,GENERAL
a_ciencia_cierta,ADVERVIO,GENERAL
a_codazo_limpio,ADVERVIO,GENERAL
a_comisión,ADVERVIO,GENERAL
a_como_de_lugar,ADVERVIO,GENERAL
a_contra_reloj,ADVERVIO,GENERAL
a_contrahílo,ADVERVIO,GENERAL
a_contralecho,ADVERVIO,GENERAL
a_contramano,ADVERVIO,GENERAL
a_contrapelo,ADVERVIO,GENERAL
a_contrapié,ADVERVIO,GENERAL
a_corazón_abierto,ADVERVIO,GENERAL
a_cordel,ADVERVIO,GENERAL
a_coro,ADVERVIO,GENERAL
a_costillas,ADVERVIO,GENERAL
a_coxcojilla,ADVERVIO,GENERAL
a_cruz_y_escuadra,ADVERVIO,GENERAL
a_cuál_más,ADVERVIO,GENERAL
a_cuatro_patas,ADVERVIO,GENERAL
a_cuatro_pies,ADVERVIO,GENERAL
a_cubos,ADVERVIO,GENERAL
a_cuerpo_de_rey,ADVERVIO,GENERAL
a_cuerpo_descubierto,ADVERVIO,GENERAL
a_dentelladas,ADVERVIO,GENERAL
a_dentro,ADVERVIO,GENERAL
a_desmano,ADVERVIO,GENERAL
a_despecho,ADVERVIO,GENERAL
a_destajo,ADVERVIO,GENERAL
a_destiempo,ADVERVIO,GENERAL
a_diario,ADVERVIO,GENERAL
a_dicho_efecto,ADVERVIO,GENERAL
a_disgusto,ADVERVIO,GENERAL
a_donde,ADVERVIO,GENERAL
a_dos_haces,ADVERVIO,GENERAL
a_dos_manos,ADVERVIO,GENERAL
a_dúo,ADVERVIO,GENERAL
a_duras_penas,ADVERVIO,GENERAL
a_empellones,ADVERVIO,GENERAL
a_escape,ADVERVIO,GENERAL
a_escondidas,ADVERVIO,GENERAL
a_escondidillas,ADVERVIO,GENERAL
a_escote,ADVERVIO,GENERAL
a_escuadra,ADVERVIO,GENERAL
a_escusa,ADVERVIO,GENERAL
a_escusas,ADVERVIO,GENERAL
a_espeta_perro,ADVERVIO,GENERAL
a_espinapez,ADVERVIO,GENERAL
a_espuertas,ADVERVIO,GENERAL
a_expensas,ADVERVIO,GENERAL
a_fanegadas,ADVERVIO,GENERAL
a_fin_de_cuentas,ADVERVIO,GENERAL
a_flor_de_agua,ADVERVIO,GENERAL
a_flor_de_piel,ADVERVIO,GENERAL
a_flote,ADVERVIO,GENERAL
a_fortiori,ADVERVIO,GENERAL
a_fuego_lento,ADVERVIO,GENERAL
a_gachas,ADVERVIO,GENERAL
a_gatas,ADVERVIO,GENERAL
a_gogo,ADVERVIO,GENERAL
a_grandes_rasgos,ADVERVIO,GENERAL
a_granel,ADVERVIO,GENERAL
a_graves_penas,ADVERVIO,GENERAL
a_hito,ADVERVIO,GENERAL
a_horcajadas,ADVERVIO,GENERAL
a_hurtadillas,ADVERVIO,GENERAL
a_jarros,ADVERVIO,GENERAL
a_jornal,ADVERVIO,GENERAL
a_junta_continua,ADVERVIO,GENERAL
a_juzgar_como,ADVERVIO,GENERAL
a_la_bartola,ADVERVIO,GENERAL
a_la_buena_ventura,ADVERVIO,GENERAL
a_la_chita_callando,ADVERVIO,GENERAL
a_la_cola,ADVERVIO,GENERAL
a_la_funerala,ADVERVIO,GENERAL
a_la_inversa,ADVERVIO,GENERAL
a_la_mano_de_Dios,ADVERVIO,GENERAL
a_la_morisma,ADVERVIO,GENERAL
a_la_mujeriega,ADVERVIO,GENERAL
a_la_papillote,ADVERVIO,GENERAL
a_la_parrilla,ADVERVIO,GENERAL
a_la_pata_coja,ADVERVIO,GENERAL
a_la_pata_llana,ADVERVIO,GENERAL
a_la_paz_de_Dios,ADVERVIO,GENERAL
a_la_pendura,ADVERVIO,GENERAL
a_la_perfección,ADVERVIO,GENERAL
a_la_primera_de_cambio,ADVERVIO,GENERAL
a_la_ronza,ADVERVIO,GENERAL
a_la_sirga,ADVERVIO,GENERAL
a_la_sopa_boba,ADVERVIO,GENERAL
a_la_tentaruja,ADVERVIO,GENERAL
a_la_tirolesa,ADVERVIO,GENERAL
a_la_vez,ADVERVIO,GENERAL
a_lápiz,ADVERVIO,GENERAL
a_largas_marchas,ADVERVIO,GENERAL
a_las_calladas,ADVERVIO,GENERAL
a_las_mil_maravillas,ADVERVIO,GENERAL
a_las_primeras_de_cambio,ADVERVIO,GENERAL
a_las_puertas_de_la_muerte,ADVERVIO,GENERAL
a_las_veces,ADVERVIO,GENERAL
a_lata_por_canal,ADVERVIO,GENERAL
a_legua,ADVERVIO,GENERAL
a_leguas,ADVERVIO,GENERAL
a_libre_plática,ADVERVIO,GENERAL
a_línea_tirada,ADVERVIO,GENERAL
a_lo_bestia,ADVERVIO,GENERAL
a_lo_discreto,ADVERVIO,GENERAL
a_lo_grande,ADVERVIO,GENERAL
a_lo_largo_y_a_lo_ancho,ADVERVIO,GENERAL
a_lo_lejos,ADVERVIO,GENERAL
a_lo_loco,ADVERVIO,GENERAL
a_lo_más,ADVERVIO,GENERAL
a_lo_moderno,ADVERVIO,GENERAL
a_lo_que_parece,ADVERVIO,GENERAL
a_lo_que_salga,ADVERVIO,GENERAL
a_lo_sumo,ADVERVIO,GENERAL
a_lo_tonto,ADVERVIO,GENERAL
a_lomo,ADVERVIO,GENERAL
a_lomos,ADVERVIO,GENERAL
a_los_cuatro_vientos,ADVERVIO,GENERAL
a_los_piques,ADVERVIO,GENERAL
a_lumbre_de_pajas,ADVERVIO,GENERAL
a_lumbre_mansa,ADVERVIO,GENERAL
a_machamartillo,ADVERVIO,GENERAL
a_machote,ADVERVIO,GENERAL
a_mal_dar,ADVERVIO,GENERAL
a_malas_penas,ADVERVIO,GENERAL
a_manadas,ADVERVIO,GENERAL
a_mano_airada,ADVERVIO,GENERAL
a_mano_armada,ADVERVIO,GENERAL
a_manos_llenas,ADVERVIO,GENERAL
a_mansalva,ADVERVIO,GENERAL
a_mares,ADVERVIO,GENERAL
a_más_andar,ADVERVIO,GENERAL
a_más_correr,ADVERVIO,GENERAL
a_más_ganar,ADVERVIO,GENERAL
a_más_mejor,ADVERVIO,GENERAL
a_más_no_poder,ADVERVIO,GENERAL
a_más_tardar,ADVERVIO,GENERAL
a_más_ver,ADVERVIO,GENERAL
a_más_y_mejor,ADVERVIO,GENERAL
a_mata_caballo,ADVERVIO,GENERAL
a_matacaballo,ADVERVIO,GENERAL
a_mayor_abundamiento,ADVERVIO,GENERAL
a_mazo_y_escoplo,ADVERVIO,GENERAL
a_media_ladera,ADVERVIO,GENERAL
a_media_madera,ADVERVIO,GENERAL
a_media_margen,ADVERVIO,GENERAL
a_media_rienda,ADVERVIO,GENERAL
a_media_rodilla,ADVERVIO,GENERAL
a_media_voz,ADVERVIO,GENERAL
a_medias_palabras,ADVERVIO,GENERAL
a_medio_hacer,ADVERVIO,GENERAL
a_medio_plazo,ADVERVIO,GENERAL
a_mediodía,ADVERVIO,GENERAL
a_medios_pelos,ADVERVIO,GENERAL
a_mesa_puesta,ADVERVIO,GENERAL
a_millaradas,ADVERVIO,GENERAL
a_mis_anchas,ADVERVIO,GENERAL
a_montón,ADVERVIO,GENERAL
a_mucha_honra,ADVERVIO,GENERAL
a_muerte,ADVERVIO,GENERAL
a_muerte_o_vida,ADVERVIO,GENERAL
a_mujeriega,ADVERVIO,GENERAL
a_nado,ADVERVIO,GENERAL
a_ojo_de_buen_cubero,ADVERVIO,GENERAL
a_ojos_vistas,ADVERVIO,GENERAL
a_pan_y_cuchillo,ADVERVIO,GENERAL
a_pasatoro,ADVERVIO,GENERAL
a_paseo,ADVERVIO,GENERAL
a_paso_de_tortuga,ADVERVIO,GENERAL
a_paso_largo,ADVERVIO,GENERAL
a_pasto,ADVERVIO,GENERAL
a_peón,ADVERVIO,GENERAL
a_pesar_de_todo,ADVERVIO,GENERAL
a_peso_de_oro,ADVERVIO,GENERAL
a_pica_suelta,ADVERVIO,GENERAL
a_pico,ADVERVIO,GENERAL
a_pico_de_jarro,ADVERVIO,GENERAL
a_pie_firme,ADVERVIO,GENERAL
a_pie_llano,ADVERVIO,GENERAL
a_pierna_suelta,ADVERVIO,GENERAL
a_pipiricojo,ADVERVIO,GENERAL
a_pique_de_maceta,ADVERVIO,GENERAL
a_plazo_fijo,ADVERVIO,GENERAL
a_plazos,ADVERVIO,GENERAL
a_plomo,ADVERVIO,GENERAL
a_poco_rato,ADVERVIO,GENERAL
a_pocos_pasos,ADVERVIO,GENERAL
a_porrillo,ADVERVIO,GENERAL
a_pospelo,ADVERVIO,GENERAL
a_posteriori,ADVERVIO,GENERAL
a_pote,ADVERVIO,GENERAL
a_precio_de_coste,ADVERVIO,GENERAL
a_priori,ADVERVIO,GENERAL
a_prisa,ADVERVIO,GENERAL
a_prorrata,ADVERVIO,GENERAL
a_puchos,ADVERVIO,GENERAL
a_puerta_cerrada,ADVERVIO,GENERAL
a_puestas,ADVERVIO,GENERAL
a_punta_de_lanza,ADVERVIO,GENERAL
a_punta_de_pistola,ADVERVIO,GENERAL
a_punta_pala,ADVERVIO,GENERAL
a_puntapiés,ADVERVIO,GENERAL
a_punto_de_caramelo,ADVERVIO,GENERAL
a_punto_de_solfa,ADVERVIO,GENERAL
a_punto_fijo,ADVERVIO,GENERAL
a_punto_largo,ADVERVIO,GENERAL
a_puñados,ADVERVIO,GENERAL
a_puño_cerrado,ADVERVIO,GENERAL
a_pupilo,ADVERVIO,GENERAL
a_quema_ropa,ADVERVIO,GENERAL
a_quemarropa,ADVERVIO,GENERAL
a_rachas,ADVERVIO,GENERAL
a_raja_tabla,ADVERVIO,GENERAL
a_rajatabla,ADVERVIO,GENERAL
a_ras_de_tierra,ADVERVIO,GENERAL
a_ras_del_suelo,ADVERVIO,GENERAL
a_rastras,ADVERVIO,GENERAL
a_ratos_perdidos,ADVERVIO,GENERAL
a_raudales,ADVERVIO,GENERAL
a_reculones,ADVERVIO,GENERAL
a_regaña_dientes,ADVERVIO,GENERAL
a_regañadientes,ADVERVIO,GENERAL
a_rehala,ADVERVIO,GENERAL
a_rembolso,ADVERVIO,GENERAL
a_remiendos,ADVERVIO,GENERAL
a_remo,ADVERVIO,GENERAL
a_remojo,ADVERVIO,GENERAL
a_renglón_seguido,ADVERVIO,GENERAL
a_reo,ADVERVIO,GENERAL
a_repecho,ADVERVIO,GENERAL
a_repelo,ADVERVIO,GENERAL
a_repelones,ADVERVIO,GENERAL
a_resto_abierto,ADVERVIO,GENERAL
a_revienta_cinchas,ADVERVIO,GENERAL
a_rienda_suelta,ADVERVIO,GENERAL
a_riesgo_y_ventura,ADVERVIO,GENERAL
a_río_revuelto,ADVERVIO,GENERAL
a_rodeabrazo,ADVERVIO,GENERAL
a_rompejunta,ADVERVIO,GENERAL
a_rostro_firme,ADVERVIO,GENERAL
a_ruche,ADVERVIO,GENERAL
a_sabiendas,ADVERVIO,GENERAL
a_salto_de_mata,ADVERVIO,GENERAL
a_saltos,ADVERVIO,GENERAL
a_sangre_caliente,ADVERVIO,GENERAL
a_sangre_fría,ADVERVIO,GENERAL
a_sangre_y_fuego,ADVERVIO,GENERAL
a_santo_de_qué,ADVERVIO,GENERAL
a_sardinel,ADVERVIO,GENERAL
a_seguir_bien,ADVERVIO,GENERAL
a_so_capa,ADVERVIO,GENERAL
a_sobre_haz,ADVERVIO,GENERAL
a_sobre_peine,ADVERVIO,GENERAL
a_sobremano,ADVERVIO,GENERAL
a_socapa,ADVERVIO,GENERAL
a_soga,ADVERVIO,GENERAL
a_solapo,ADVERVIO,GENERAL
a_solas,ADVERVIO,GENERAL
a_solaz,ADVERVIO,GENERAL
a_sotamano,ADVERVIO,GENERAL
a_sotavento,ADVERVIO,GENERAL
a_su_imagen_y_semejanza,ADVERVIO,GENERAL
a_sus_anchas,ADVERVIO,GENERAL
a_teja_vana,ADVERVIO,GENERAL
a_tientas,ADVERVIO,GENERAL
a_tiento,ADVERVIO,GENERAL
a_tirada,ADVERVIO,GENERAL
a_tiro_de_ballesta,ADVERVIO,GENERAL
a_tiro_de_pistola,ADVERVIO,GENERAL
a_tiro_limpio,ADVERVIO,GENERAL
a_tizón,ADVERVIO,GENERAL
a_toca_ropa,ADVERVIO,GENERAL
a_toca_teja,ADVERVIO,GENERAL
a_tocateja,ADVERVIO,GENERAL
a_toda_brida,ADVERVIO,GENERAL
a_toda_costa,ADVERVIO,GENERAL
a_toda_furia,ADVERVIO,GENERAL
a_toda_hostia,ADVERVIO,GENERAL
a_toda_leche,ADVERVIO,GENERAL
a_toda_ley,ADVERVIO,GENERAL
a_toda_máquina,ADVERVIO,GENERAL
a_toda_marcha,ADVERVIO,GENERAL
a_toda_mecha,ADVERVIO,GENERAL
a_toda_pastilla,ADVERVIO,GENERAL
a_toda_plana,ADVERVIO,GENERAL
a_toda_prisa,ADVERVIO,GENERAL
a_toda_rienda,ADVERVIO,GENERAL
a_todas_estas,ADVERVIO,GENERAL
a_todas_horas,ADVERVIO,GENERAL
a_todo_andar,ADVERVIO,GENERAL
a_todo_correr,ADVERVIO,GENERAL
a_todo_evento,ADVERVIO,GENERAL
a_todo_gas,ADVERVIO,GENERAL
a_todo_lo_largo,ADVERVIO,GENERAL
a_todo_meter,ADVERVIO,GENERAL
a_todo_moler,ADVERVIO,GENERAL
a_todo_pasto,ADVERVIO,GENERAL
a_todo_riesgo,ADVERVIO,GENERAL
a_todo_ruedo,ADVERVIO,GENERAL
a_todo_tirar,ADVERVIO,GENERAL
a_todo_trance,ADVERVIO,GENERAL
a_todo_vapor,ADVERVIO,GENERAL
a_tontas_y_a_locas,ADVERVIO,GENERAL
a_topa_tolondro,ADVERVIO,GENERAL
a_tope,ADVERVIO,GENERAL
a_toque_de_campana,ADVERVIO,GENERAL
a_torna_peón,ADVERVIO,GENERAL
a_torna_punta,ADVERVIO,GENERAL
a_torno,ADVERVIO,GENERAL
a_traición,ADVERVIO,GENERAL
a_trancas_y_barrancas,ADVERVIO,GENERAL
a_trancos,ADVERVIO,GENERAL
a_traque_barraque,ADVERVIO,GENERAL
a_trompa_y_talega,ADVERVIO,GENERAL
a_trompicones,ADVERVIO,GENERAL
a_tropezones,ADVERVIO,GENERAL
a_trueque,ADVERVIO,GENERAL
a_tuertas,ADVERVIO,GENERAL
a_tuertas_o_a_derechas,ADVERVIO,GENERAL
a_tuerto_o_a_derecho,ADVERVIO,GENERAL
a_tutiplén,ADVERVIO,GENERAL
a_ultranza,ADVERVIO,GENERAL
a_un_lado_y_otro,ADVERVIO,GENERAL
a_un_solo_efecto,ADVERVIO,GENERAL
a_uno_y_otro_lado,ADVERVIO,GENERAL
a_upa,ADVERVIO,GENERAL
a_vida_o_muerte,ADVERVIO,GENERAL
a_vista_de_pájaro,ADVERVIO,GENERAL
a_viva_voz,ADVERVIO,GENERAL
a_voz_en_cuello,ADVERVIO,GENERAL
a_voz_en_grito,ADVERVIO,GENERAL
a_vuela_pluma,ADVERVIO,GENERAL
a_vuelapluma,ADVERVIO,GENERAL
a_vuelco_de_dado,ADVERVIO,GENERAL
a_vuelta_de_correo,ADVERVIO,GENERAL
a_vuelta_de_ojo,ADVERVIO,GENERAL
a_vuelta_de_ojos,ADVERVIO,GENERAL
ab_initio,ADVERVIO,GENERAL
ab_intestato,ADVERVIO,GENERAL
ab_ovo,ADVERVIO,GENERAL
abajo,ADVERVIO,GENERAL
acá,ADVERVIO,GENERAL
acaso,ADVERVIO,GENERAL
ad_hoc,ADVERVIO,GENERAL
ad_interim,ADVERVIO,GENERAL
ad_lib,ADVERVIO,GENERAL
ad_libitum,ADVERVIO,GENERAL
ad_litem,ADVERVIO,GENERAL
ad_litteram,ADVERVIO,GENERAL
ad_quadrantum,ADVERVIO,GENERAL
ad_triangulum,ADVERVIO,GENERAL
ad_valorem,ADVERVIO,GENERAL
adelante,ADVERVIO,GENERAL
además,ADVERVIO,GENERAL
además_de_eso,ADVERVIO,GENERAL
adentro,ADVERVIO,GENERAL
adrede,ADVERVIO,GENERAL
afuera,ADVERVIO,GENERAL
ahí,ADVERVIO,GENERAL
ahí_es_nada,ADVERVIO,GENERAL
ahí_le_duele,ADVERVIO,GENERAL
ahora,ADVERVIO,GENERAL
ahora_bien,ADVERVIO,GENERAL
al_alcance_de_la_mano,ADVERVIO,GENERAL
al_apa,ADVERVIO,GENERAL
al_avemaría,ADVERVIO,GENERAL
al_bies,ADVERVIO,GENERAL
al_carboncillo,ADVERVIO,GENERAL
al_chas_chas,ADVERVIO,GENERAL
al_cien_por_cien,ADVERVIO,GENERAL
al_cierre_del_ejercicio,ADVERVIO,GENERAL
al_clarear_el_día,ADVERVIO,GENERAL
al_correr_de_la_pluma,ADVERVIO,GENERAL
al_correr_del_tiempo,ADVERVIO,GENERAL
al_desbarate,ADVERVIO,GENERAL
al_descuido_y_con_cuidado,ADVERVIO,GENERAL
al_desgaire,ADVERVIO,GENERAL
al_detall,ADVERVIO,GENERAL
al_estricote,ADVERVIO,GENERAL
al_filo_de_mediodía,ADVERVIO,GENERAL
al_fin_de_la_jornada,ADVERVIO,GENERAL
al_fin_y_a_la_postre,ADVERVIO,GENERAL
al_fin_y_al_cabo,ADVERVIO,GENERAL
al_grill,ADVERVIO,GENERAL
al_hilo,ADVERVIO,GENERAL
al_hilo_de_mediodía,ADVERVIO,GENERAL
al_hilo_del_viento,ADVERVIO,GENERAL
al_libre_albedrío,ADVERVIO,GENERAL
al_lucero_del_alba,ADVERVIO,GENERAL
al_mejor_tiempo,ADVERVIO,GENERAL
al_paño,ADVERVIO,GENERAL
al_pie_de_fábrica,ADVERVIO,GENERAL
al_pie_de_la_cuesta,ADVERVIO,GENERAL
al_pie_de_la_letra,ADVERVIO,GENERAL
al_pie_de_la_obra,ADVERVIO,GENERAL
al_poco_rato,ADVERVIO,GENERAL
al_por_mayor,ADVERVIO,GENERAL
al_por_menor,ADVERVIO,GENERAL
al_primer_envite,ADVERVIO,GENERAL
al_primer_folio,ADVERVIO,GENERAL
al_primer_gallo,ADVERVIO,GENERAL
al_primer_golpe_de_vista,ADVERVIO,GENERAL
al_primer_impulso,ADVERVIO,GENERAL
al_rape,ADVERVIO,GENERAL
al_raso,ADVERVIO,GENERAL
al_rededor,ADVERVIO,GENERAL
al_retortero,ADVERVIO,GENERAL
al_rojo_blanco,ADVERVIO,GENERAL
al_rojo_cereza,ADVERVIO,GENERAL
al_sesgo,ADVERVIO,GENERAL
al_socaire,ADVERVIO,GENERAL
al_temple,ADVERVIO,GENERAL
al_tendido,ADVERVIO,GENERAL
al_tresbolillo,ADVERVIO,GENERAL
al_volateo,ADVERVIO,GENERAL
alerta,ADVERVIO,GENERAL
algo,ADVERVIO,GENERAL
alguna_que_otra_vez,ADVERVIO,GENERAL
algunas_veces,ADVERVIO,GENERAL
alguno_que_otro,ADVERVIO,GENERAL
allá,ADVERVIO,GENERAL
allá_se_andan,ADVERVIO,GENERAL
allá_se_las_avenga,ADVERVIO,GENERAL
allá_se_las_componga,ADVERVIO,GENERAL
allá_se_las_haya,ADVERVIO,GENERAL
allá_se_las_hayan,ADVERVIO,GENERAL
allá_se_van,ADVERVIO,GENERAL
allí,ADVERVIO,GENERAL
alrededor,ADVERVIO,GENERAL
anoche,ADVERVIO,GENERAL
antaño,ADVERVIO,GENERAL
anteanoche,ADVERVIO,GENERAL
anteanteayer,ADVERVIO,GENERAL
anteayer,ADVERVIO,GENERAL
antes,ADVERVIO,GENERAL
antes_bien,ADVERVIO,GENERAL
antes_pues,ADVERVIO,GENERAL
antes_que_nada,ADVERVIO,GENERAL
aparte,ADVERVIO,GENERAL
apenas,ADVERVIO,GENERAL
aposta,ADVERVIO,GENERAL
aquí,ADVERVIO,GENERAL
arriba,ADVERVIO,GENERAL
así,ADVERVIO,GENERAL
así_como_también,ADVERVIO,GENERAL
así_como_tampoco,ADVERVIO,GENERAL
así_pues,ADVERVIO,GENERAL
así_y_todo,ADVERVIO,GENERAL
asimismo,ADVERVIO,GENERAL
atrás,ADVERVIO,GENERAL
aun,ADVERVIO,GENERAL
aún,ADVERVIO,GENERAL
aún_así,ADVERVIO,GENERAL
aún_con_eso,ADVERVIO,GENERAL
aún_cuando,ADVERVIO,GENERAL
ayer,ADVERVIO,GENERAL
ayer_noche,ADVERVIO,GENERAL
bajo_cuerda,ADVERVIO,GENERAL
bajo_juramento,ADVERVIO,GENERAL
bajo_llave,ADVERVIO,GENERAL
bajo_mano,ADVERVIO,GENERAL
bajo_ningún_concepto,ADVERVIO,GENERAL
bajo_siete_llaves,ADVERVIO,GENERAL
bastante,ADVERVIO,GENERAL
bien,ADVERVIO,GENERAL
bien_mirado,ADVERVIO,GENERAL
bien_que_mal,ADVERVIO,GENERAL
boca_arriba,ADVERVIO,GENERAL
cada_cosa_por_su_lado,ADVERVIO,GENERAL
cada_dos_por_tres,ADVERVIO,GENERAL
cara_a_cara,ADVERVIO,GENERAL
cara_abajo,ADVERVIO,GENERAL
cara_arriba,ADVERVIO,GENERAL
carpe_diem,ADVERVIO,GENERAL
casi,ADVERVIO,GENERAL
cerca,ADVERVIO,GENERAL
cien_por_cien,ADVERVIO,GENERAL
ciento_por_ciento,ADVERVIO,GENERAL
ciento_y_la_madre,ADVERVIO,GENERAL
claro,ADVERVIO,GENERAL
cochite_hervite,ADVERVIO,GENERAL
codo_a_codo,ADVERVIO,GENERAL
codo_con_codo,ADVERVIO,GENERAL
como_a_los_ojos_de_su_cara,ADVERVIO,GENERAL
como_a_real_de_enemigo,ADVERVIO,GENERAL
como_ahora_es_de_día,ADVERVIO,GENERAL
como_alma_que_lleva_el_diablo,ADVERVIO,GENERAL
como_caído_de_las_nubes,ADVERVIO,GENERAL
como_de_la_noche_al_día,ADVERVIO,GENERAL
como_dos_y_dos_son_cuatro,ADVERVIO,GENERAL
como_el_convidado_de_piedra,ADVERVIO,GENERAL
como_el_día_a_la_noche,ADVERVIO,GENERAL
como_el_perro_y_el_gato,ADVERVIO,GENERAL
como_es_de_día,ADVERVIO,GENERAL
como_es_debido,ADVERVIO,GENERAL
como_está_mandado,ADVERVIO,GENERAL
como_estamos_aquí_tú_y_yo,ADVERVIO,GENERAL
como_hay_Dios,ADVERVIO,GENERAL
como_hecho_de_encargo,ADVERVIO,GENERAL
como_la_palma_de_la_mano,ADVERVIO,GENERAL
como_los_chorros_del_oro,ADVERVIO,GENERAL
como_mínimo,ADVERVIO,GENERAL
como_mucho,ADVERVIO,GENERAL
como_oro_en_paño,ADVERVIO,GENERAL
como_Pedro_por_su_casa,ADVERVIO,GENERAL
como_por_ensalmo,ADVERVIO,GENERAL
como_quien_dice,ADVERVIO,GENERAL
como_quien_no_quiere_la_cosa,ADVERVIO,GENERAL
como_quien_oye_llover,ADVERVIO,GENERAL
como_si_no_hubiera_dicho_nada,ADVERVIO,GENERAL
como_si_tal_cosa,ADVERVIO,GENERAL
como_un_pepe,ADVERVIO,GENERAL
con_claridad_meridiana,ADVERVIO,GENERAL
con_conocimiento_de_causa,ADVERVIO,GENERAL
con_creces,ADVERVIO,GENERAL
con_el_culo_al_aire,ADVERVIO,GENERAL
con_el_ojo_tan_largo,ADVERVIO,GENERAL
con_el_sudor_de_la_frente,ADVERVIO,GENERAL
con_la_ayuda_de_Dios,ADVERVIO,GENERAL
con_la_boca_abierta,ADVERVIO,GENERAL
con_la_casa_a_cuestas,ADVERVIO,GENERAL
con_la_espada_desnuda,ADVERVIO,GENERAL
con_la_frente_alta,ADVERVIO,GENERAL
con_la_frente_bien_alta,ADVERVIO,GENERAL
con_la_frente_levantada,ADVERVIO,GENERAL
con_la_lengua_de_un_palmo,ADVERVIO,GENERAL
con_la_lengua_fuera,ADVERVIO,GENERAL
con_la_mano_en_el_corazón,ADVERVIO,GENERAL
con_la_música_a_otra_parte,ADVERVIO,GENERAL
con_la_soga_al_cuello,ADVERVIO,GENERAL
con_la_vida_en_un_hilo,ADVERVIO,GENERAL
con_las_manos_cruzadas,ADVERVIO,GENERAL
con_las_manos_vacías,ADVERVIO,GENERAL
con_las_orejas_caídas,ADVERVIO,GENERAL
con_las_orejas_gachas,ADVERVIO,GENERAL
con_las_orejas_tan_largas,ADVERVIO,GENERAL
con_las_piernas_cruzadas,ADVERVIO,GENERAL
con_los_cinco_sentidos,ADVERVIO,GENERAL
con_los_ojos_cerrados,ADVERVIO,GENERAL
con_los_pies_delante,ADVERVIO,GENERAL
con_mal_pie,ADVERVIO,GENERAL
con_mala_idea,ADVERVIO,GENERAL
con_mano_escasa,ADVERVIO,GENERAL
con_mano_pesada,ADVERVIO,GENERAL
con_mil_amores,ADVERVIO,GENERAL
con_miquis,ADVERVIO,GENERAL
con_moto,ADVERVIO,GENERAL
con_mucho_gusto,ADVERVIO,GENERAL
con_pelos_y_señales,ADVERVIO,GENERAL
con_pies_de_plomo,ADVERVIO,GENERAL
con_puntos_y_comas,ADVERVIO,GENERAL
con_sordina,ADVERVIO,GENERAL
con_toda_la_barba,ADVERVIO,GENERAL
con_toda_la_boca,ADVERVIO,GENERAL
con_toda_normalidad,ADVERVIO,GENERAL
con_todas_las_de_la_ley,ADVERVIO,GENERAL
con_todo_y_con_eso,ADVERVIO,GENERAL
con_un_palmo_de_lengua,ADVERVIO,GENERAL
con_uñas_y_dientes,ADVERVIO,GENERAL
con_viento_fresco,ADVERVIO,GENERAL
con_zurrapas,ADVERVIO,GENERAL
conforme,ADVERVIO,GENERAL
consecutio_temporum,ADVERVIO,GENERAL
contra_reloj,ADVERVIO,GENERAL
contra_rembolso,ADVERVIO,GENERAL
contra_viento_y_marea,ADVERVIO,GENERAL
corpore_insepulto,ADVERVIO,GENERAL
cuanto,ADVERVIO,GENERAL
cuanto_antes,ADVERVIO,GENERAL
da_capo,ADVERVIO,GENERAL
darse_de_alta,ADVERVIO,GENERAL
de_a_folio,ADVERVIO,GENERAL
de_a_veras,ADVERVIO,GENERAL
de_acá_para_allá,ADVERVIO,GENERAL
de_acarreo,ADVERVIO,GENERAL
de_alto_copete,ADVERVIO,GENERAL
de_alto_coturno,ADVERVIO,GENERAL
de_altos_vuelos,ADVERVIO,GENERAL
de_amplio_espectro,ADVERVIO,GENERAL
de_andar_por_casa,ADVERVIO,GENERAL
de_anequín,ADVERVIO,GENERAL
de_antemano,ADVERVIO,GENERAL
de_aquí_en_adelante,ADVERVIO,GENERAL
de_aquí_para_allá,ADVERVIO,GENERAL
de_armas_tomar,ADVERVIO,GENERAL
de_arrastre,ADVERVIO,GENERAL
de_arte_mayor,ADVERVIO,GENERAL
de_arte_menor,ADVERVIO,GENERAL
de_baja_estofa,ADVERVIO,GENERAL
de_bajo_vuelo,ADVERVIO,GENERAL
de_balde,ADVERVIO,GENERAL
de_ballesta,ADVERVIO,GENERAL
de_barra_a_barra,ADVERVIO,GENERAL
de_boca_en_boca,ADVERVIO,GENERAL
de_bote_en_bote,ADVERVIO,GENERAL
de_bracero,ADVERVIO,GENERAL
de_bruces,ADVERVIO,GENERAL
de_buen_efecto,ADVERVIO,GENERAL
de_buen_grado,ADVERVIO,GENERAL
de_buen_tono,ADVERVIO,GENERAL
de_buena_cepa,ADVERVIO,GENERAL
de_buena_familia,ADVERVIO,GENERAL
de_buena_fe,ADVERVIO,GENERAL
de_buena_gana,ADVERVIO,GENERAL
de_buena_ley,ADVERVIO,GENERAL
de_buena_ropa,ADVERVIO,GENERAL
de_buena_voluntad,ADVERVIO,GENERAL
de_buenas_a_primeras,ADVERVIO,GENERAL
de_bureo,ADVERVIO,GENERAL
de_cabo_a_rabo,ADVERVIO,GENERAL
de_canto,ADVERVIO,GENERAL
de_carrerilla,ADVERVIO,GENERAL
de_carretilla,ADVERVIO,GENERAL
de_cascabel_gordo,ADVERVIO,GENERAL
de_chipón,ADVERVIO,GENERAL
de_churro,ADVERVIO,GENERAL
de_ciencia_cierta,ADVERVIO,GENERAL
de_circunvalación,ADVERVIO,GENERAL
de_consuno,ADVERVIO,GENERAL
de_coña,ADVERVIO,GENERAL
de_corredera,ADVERVIO,GENERAL
de_cortos_vuelos,ADVERVIO,GENERAL
de_cuajo,ADVERVIO,GENERAL
de_cualquier_forma,ADVERVIO,GENERAL
de_cuando_en_cuando,ADVERVIO,GENERAL
de_cuelga,ADVERVIO,GENERAL
de_cuenta_y_riesgo,ADVERVIO,GENERAL
de_cuerpo_presente,ADVERVIO,GENERAL
de_cutio,ADVERVIO,GENERAL
de_día_en_día,ADVERVIO,GENERAL
de_dientes_afuera,ADVERVIO,GENERAL
de_Dios_abajo,ADVERVIO,GENERAL
de_disparo,ADVERVIO,GENERAL
de_doble_filo,ADVERVIO,GENERAL
de_dos_en_dos,ADVERVIO,GENERAL
de_dos_filos,ADVERVIO,GENERAL
de_ensueño,ADVERVIO,GENERAL
de_extranjis,ADVERVIO,GENERAL
de_facto,ADVERVIO,GENERAL
de_falondres,ADVERVIO,GENERAL
de_fogueo,ADVERVIO,GENERAL
de_golpe_y_porrazo,ADVERVIO,GENERAL
de_grado_en_grado,ADVERVIO,GENERAL
de_guagua,ADVERVIO,GENERAL
de_guillotina,ADVERVIO,GENERAL
de_higos_a_brevas,ADVERVIO,GENERAL
de_hoy_en_adelante,ADVERVIO,GENERAL
de_hoy_para_mañana,ADVERVIO,GENERAL
de_hoz_y_de_coz,ADVERVIO,GENERAL
de_ida_y_vuelta,ADVERVIO,GENERAL
de_iure,ADVERVIO,GENERAL
de_jure,ADVERVIO,GENERAL
de_juro,ADVERVIO,GENERAL
de_la_cruz_a_la_fecha,ADVERVIO,GENERAL
de_la_noche_a_la_mañana,ADVERVIO,GENERAL
de_la_puñeta,ADVERVIO,GENERAL
de_lado_a_lado,ADVERVIO,GENERAL
de_lance_en_lance,ADVERVIO,GENERAL
de_lengua_en_lengua,ADVERVIO,GENERAL
de_lo_contrario,ADVERVIO,GENERAL
de_lo_lindo,ADVERVIO,GENERAL
de_lo_vivo_a_lo_pintado,ADVERVIO,GENERAL
de_madrugada,ADVERVIO,GENERAL
de_mal_a_mal,ADVERVIO,GENERAL
de_mal_abrigo,ADVERVIO,GENERAL
de_mal_efecto,ADVERVIO,GENERAL
de_mal_en_peor,ADVERVIO,GENERAL
de_mal_grado,ADVERVIO,GENERAL
de_mal_tono,ADVERVIO,GENERAL
de_mal_vivir,ADVERVIO,GENERAL
de_mala_fe,ADVERVIO,GENERAL
de_mala_gana,ADVERVIO,GENERAL
de_mala_ley,ADVERVIO,GENERAL
de_mala_manera,ADVERVIO,GENERAL
de_mala_muerte,ADVERVIO,GENERAL
de_mala_nota,ADVERVIO,GENERAL
de_mano_derecha,ADVERVIO,GENERAL
de_mano_en_mano,ADVERVIO,GENERAL
de_mano_izquierda,ADVERVIO,GENERAL
de_manos_a_boca,ADVERVIO,GENERAL
de_marca_mayor,ADVERVIO,GENERAL
de_marras,ADVERVIO,GENERAL
de_matute,ADVERVIO,GENERAL
de_media_gala,ADVERVIO,GENERAL
de_medio_a_medio,ADVERVIO,GENERAL
de_medio_lado,ADVERVIO,GENERAL
de_medio_ojo,ADVERVIO,GENERAL
de_medio_pie,ADVERVIO,GENERAL
de_mentirijillas,ADVERVIO,GENERAL
de_mil_amores,ADVERVIO,GENERAL
de_mil_diablos,ADVERVIO,GENERAL
de_mírame_y_no_me_toques,ADVERVIO,GENERAL
de_miranda,ADVERVIO,GENERAL
de_misa_y_olla,ADVERVIO,GENERAL
de_momio,ADVERVIO,GENERAL
de_morondanga,ADVERVIO,GENERAL
de_muchas_campanillas,ADVERVIO,GENERAL
de_muchas_leguas,ADVERVIO,GENERAL
de_mucho_efecto,ADVERVIO,GENERAL
de_mucho_trote,ADVERVIO,GENERAL
de_ninguna_manera,ADVERVIO,GENERAL
de_nueva_planta,ADVERVIO,GENERAL
de_nuevo_cuío,ADVERVIO,GENERAL
de_nunca_acabar,ADVERVIO,GENERAL
de_oque,ADVERVIO,GENERAL
de_oreja_a_oreja,ADVERVIO,GENERAL
de_oro_y_azul,ADVERVIO,GENERAL
de_pacotilla,ADVERVIO,GENERAL
de_padre_y_muy_señor_mío,ADVERVIO,GENERAL
de_palabra_en_palabra,ADVERVIO,GENERAL
de_pascuas_a_ramos,ADVERVIO,GENERAL
de_pe_a_pa,ADVERVIO,GENERAL
de_pega,ADVERVIO,GENERAL
de_pelo_en_pecho,ADVERVIO,GENERAL
de_perdidos_al_río,ADVERVIO,GENERAL
de_perilla,ADVERVIO,GENERAL
de_perillas,ADVERVIO,GENERAL
de_persona_a_persona,ADVERVIO,GENERAL
de_pie_de_banco,ADVERVIO,GENERAL
de_pies_a_cabeza,ADVERVIO,GENERAL
de_pilón,ADVERVIO,GENERAL
de_pleno_derecho,ADVERVIO,GENERAL
de_poca_monta,ADVERVIO,GENERAL
de_poca_ropa,ADVERVIO,GENERAL
de_poco_más_o_menos,ADVERVIO,GENERAL
de_poco_pelo,ADVERVIO,GENERAL
de_poder_a_poder,ADVERVIO,GENERAL
de_polo_a_polo,ADVERVIO,GENERAL
de_pontifical,ADVERVIO,GENERAL
de_popa_a_proa,ADVERVIO,GENERAL
de_por_junto,ADVERVIO,GENERAL
de_por_medio,ADVERVIO,GENERAL
de_por_sí,ADVERVIO,GENERAL
de_por_vida,ADVERVIO,GENERAL
de_postón,ADVERVIO,GENERAL
de_potencia_en_potencia,ADVERVIO,GENERAL
de_primera_clase,ADVERVIO,GENERAL
de_primera_intención,ADVERVIO,GENERAL
de_primera_línea,ADVERVIO,GENERAL
de_prisa,ADVERVIO,GENERAL
de_prisa_y_corriendo,ADVERVIO,GENERAL
de_pro,ADVERVIO,GENERAL
de_propia_minerva,ADVERVIO,GENERAL
de_propio_puño,ADVERVIO,GENERAL
de_puerta_a_puerta,ADVERVIO,GENERAL
de_puerta_en_puerta,ADVERVIO,GENERAL
de_puertas_adentro,ADVERVIO,GENERAL
de_puertas_afuera,ADVERVIO,GENERAL
de_puertos_allende,ADVERVIO,GENERAL
de_puertos_aquende,ADVERVIO,GENERAL
de_punta_a_cabo,ADVERVIO,GENERAL
de_punta_a_punta,ADVERVIO,GENERAL
de_puño_y_letra,ADVERVIO,GENERAL
de_pura_cepa,ADVERVIO,GENERAL
de_puta_madre,ADVERVIO,GENERAL
de_puta_pena,ADVERVIO,GENERAL
de_putifa,ADVERVIO,GENERAL
de_quedo,ADVERVIO,GENERAL
de_quita_y_pon,ADVERVIO,GENERAL
de_rama_en_rama,ADVERVIO,GENERAL
de_raro_en_raro,ADVERVIO,GENERAL
de_rato_en_rato,ADVERVIO,GENERAL
de_rebato,ADVERVIO,GENERAL
de_rebote,ADVERVIO,GENERAL
de_rechupete,ADVERVIO,GENERAL
de_refilón,ADVERVIO,GENERAL
de_relumbrón,ADVERVIO,GENERAL
de_repelón,ADVERVIO,GENERAL
de_repente,ADVERVIO,GENERAL
de_repuesto,ADVERVIO,GENERAL
de_reserva,ADVERVIO,GENERAL
de_resultas,ADVERVIO,GENERAL
de_retrocarga,ADVERVIO,GENERAL
de_revuelo,ADVERVIO,GENERAL
de_rodilla_en_rodilla,ADVERVIO,GENERAL
de_rompe_y_rasga,ADVERVIO,GENERAL
de_rondón,ADVERVIO,GENERAL
de_seguida,ADVERVIO,GENERAL
de_segunda_mano,ADVERVIO,GENERAL
de_sentido_común,ADVERVIO,GENERAL
de_so_capa,ADVERVIO,GENERAL
de_sobra,ADVERVIO,GENERAL
de_sobresalto,ADVERVIO,GENERAL
de_sol_a_sol,ADVERVIO,GENERAL
de_soslayo,ADVERVIO,GENERAL
de_tapadillo,ADVERVIO,GENERAL
de_tarde_en_tarde,ADVERVIO,GENERAL
de_tiempo_en_tiempo,ADVERVIO,GENERAL
de_tiento_en_tiento,ADVERVIO,GENERAL
de_todas_maneras,ADVERVIO,GENERAL
de_todas_todas,ADVERVIO,GENERAL
de_todo_corazón,ADVERVIO,GENERAL
de_todo_en_todo,ADVERVIO,GENERAL
de_todo_punto,ADVERVIO,GENERAL
de_todos_los_diablos,ADVERVIO,GENERAL
de_todos_modos,ADVERVIO,GENERAL
de_través,ADVERVIO,GENERAL
de_trazo_continuo,ADVERVIO,GENERAL
de_trecho_en_trecho,ADVERVIO,GENERAL
de_tres_al_cuarto,ADVERVIO,GENERAL
de_tú_a_tú,ADVERVIO,GENERAL
de_ultratumba,ADVERVIO,GENERAL
de_un_día_a_otro,ADVERVIO,GENERAL
de_un_lado_a_otro,ADVERVIO,GENERAL
de_un_lado_para_otro,ADVERVIO,GENERAL
de_un_plumazo,ADVERVIO,GENERAL
de_un_primer_voleo,ADVERVIO,GENERAL
de_un_tirón,ADVERVIO,GENERAL
de_una_manera_o_de_otra,ADVERVIO,GENERAL
de_una_sentada,ADVERVIO,GENERAL
de_una_tacada,ADVERVIO,GENERAL
de_una_tirada,ADVERVIO,GENERAL
de_una_vez_para_siempre,ADVERVIO,GENERAL
de_uno_en_uno,ADVERVIO,GENERAL
de_uso_externo,ADVERVIO,GENERAL
de_uvas_a_peras,ADVERVIO,GENERAL
de_vértigo,ADVERVIO,GENERAL
de_vez_en_cuando,ADVERVIO,GENERAL
de_vía_estrecha,ADVERVIO,GENERAL
de_visu,ADVERVIO,GENERAL
de_viva_voz,ADVERVIO,GENERAL
debajo,ADVERVIO,GENERAL
del_otro_lado,ADVERVIO,GENERAL
del_primer_voleo,ADVERVIO,GENERAL
del_principio_al_fin,ADVERVIO,GENERAL
del_revés,ADVERVIO,GENERAL
delante,ADVERVIO,GENERAL
delante_de_Dios_y_de_todo_el,ADVERVIO,GENERAL
demasiado,ADVERVIO,GENERAL
dentro,ADVERVIO,GENERAL
deo_volente,ADVERVIO,GENERAL
deprisa,ADVERVIO,GENERAL
desde_cero,ADVERVIO,GENERAL
desde_luego,ADVERVIO,GENERAL
desde_niño,ADVERVIO,GENERAL
desde_que_el_mundo_es_mundo,ADVERVIO,GENERAL
despacio,ADVERVIO,GENERAL
después,ADVERVIO,GENERAL
detrás,ADVERVIO,GENERAL
do_ut_des,ADVERVIO,GENERAL
en_agraz,ADVERVIO,GENERAL
en_aquel_entonces,ADVERVIO,GENERAL
en_babia,ADVERVIO,GENERAL
en_batería,ADVERVIO,GENERAL
en_berlina,ADVERVIO,GENERAL
en_buena_lid,ADVERVIO,GENERAL
en_buenos_términos,ADVERVIO,GENERAL
en_cierto_modo,ADVERVIO,GENERAL
en_círculo,ADVERVIO,GENERAL
en_consecuencia,ADVERVIO,GENERAL
en_contorno,ADVERVIO,GENERAL
en_contracambio,ADVERVIO,GENERAL
en_coña,ADVERVIO,GENERAL
en_cuclillas,ADVERVIO,GENERAL
en_cuerpo_y_alma,ADVERVIO,GENERAL
en_desbandada,ADVERVIO,GENERAL
en_descargo,ADVERVIO,GENERAL
en_desquite,ADVERVIO,GENERAL
en_detalle,ADVERVIO,GENERAL
en_diferido,ADVERVIO,GENERAL
en_Dios_y_en_conciencia,ADVERVIO,GENERAL
en_entredicho,ADVERVIO,GENERAL
en_este_mismo_instante,ADVERVIO,GENERAL
en_fiado,ADVERVIO,GENERAL
en_fila_india,ADVERVIO,GENERAL
en_fin_de_cuentas,ADVERVIO,GENERAL
en_gran_manera,ADVERVIO,GENERAL
en_gran_medida,ADVERVIO,GENERAL
en_honor_a_la_verdad,ADVERVIO,GENERAL
en_horre,ADVERVIO,GENERAL
en_interés,ADVERVIO,GENERAL
en_junto,ADVERVIO,GENERAL
en_limpio,ADVERVIO,GENERAL
en_línea,ADVERVIO,GENERAL
en_líneas_generales,ADVERVIO,GENERAL
en_lo_sucesivo,ADVERVIO,GENERAL
en_lontananza,ADVERVIO,GENERAL
en_los_buenos_tiempos,ADVERVIO,GENERAL
en_mala_hora,ADVERVIO,GENERAL
en_mangas_de_camisa,ADVERVIO,GENERAL
en_miniatura,ADVERVIO,GENERAL
en_modo_alguno,ADVERVIO,GENERAL
en_oferta,ADVERVIO,GENERAL
en_paños_menores,ADVERVIO,GENERAL
en_paralelo,ADVERVIO,GENERAL
en_partes_iguales,ADVERVIO,GENERAL
en_pelota_picada,ADVERVIO,GENERAL
en_pie_de_guerra,ADVERVIO,GENERAL
en_plantilla,ADVERVIO,GENERAL
en_pocas_palabras,ADVERVIO,GENERAL
en_porretas,ADVERVIO,GENERAL
en_prenda,ADVERVIO,GENERAL
en_primicia,ADVERVIO,GENERAL
en_procura,ADVERVIO,GENERAL
en_punto_de_caramelo,ADVERVIO,GENERAL
en_puridad,ADVERVIO,GENERAL
en_rama,ADVERVIO,GENERAL
en_rededor,ADVERVIO,GENERAL
en_remojo,ADVERVIO,GENERAL
en_resumidas_cuentas,ADVERVIO,GENERAL
en_ristre,ADVERVIO,GENERAL
en_salvo,ADVERVIO,GENERAL
en_seguida,ADVERVIO,GENERAL
en_sordina,ADVERVIO,GENERAL
en_su_defecto,ADVERVIO,GENERAL
en_tiempo_diferido,ADVERVIO,GENERAL
en_tiempo_real,ADVERVIO,GENERAL
en_tiempo_récord,ADVERVIO,GENERAL
en_tiempo_y_forma,ADVERVIO,GENERAL
en_toda_la_extensión_de_la_palabra,ADVERVIO,GENERAL
en_toda_regla,ADVERVIO,GENERAL
en_toda_tierra_de_garbanzos,ADVERVIO,GENERAL
en_todo_caso,ADVERVIO,GENERAL
en_todo_lo_descubierto,ADVERVIO,GENERAL
en_touche,ADVERVIO,GENERAL
en_tromba,ADVERVIO,GENERAL
en_un_abrir_y_cerrar_de_ojos,ADVERVIO,GENERAL
en_un_decir_amén,ADVERVIO,GENERAL
en_un_pis-pas,ADVERVIO,GENERAL
en_un_pispás,ADVERVIO,GENERAL
en_un_tris,ADVERVIO,GENERAL
en_vilo,ADVERVIO,GENERAL
en_volandas,ADVERVIO,GENERAL
en_zigzag,ADVERVIO,GENERAL
encima,ADVERVIO,GENERAL
enfrente,ADVERVIO,GENERAL
enmedio,ADVERVIO,GENERAL
enseguida,ADVERVIO,GENERAL
entonces,ADVERVIO,GENERAL
entre_la_espada_y_la_pared,ADVERVIO,GENERAL
entre_la_vida_y_la_muerte,ADVERVIO,GENERAL
entre_pecho_y_espalda,ADVERVIO,GENERAL
entretanto,ADVERVIO,GENERAL
es_hablar_por_demás,ADVERVIO,GENERAL
ex_abrupto,ADVERVIO,GENERAL
ex_aequo,ADVERVIO,GENERAL
ex_cathedra,ADVERVIO,GENERAL
ex_profeso,ADVERVIO,GENERAL
ex_testamento,ADVERVIO,GENERAL
frente,ADVERVIO,GENERAL
fuera,ADVERVIO,GENERAL
full_time,ADVERVIO,GENERAL
gratis,ADVERVIO,GENERAL
grosso_modo,ADVERVIO,GENERAL
harto,ADVERVIO,GENERAL
hasta_cierto_punto,ADVERVIO,GENERAL
hasta_más_ver,ADVERVIO,GENERAL
hic_et_nunc,ADVERVIO,GENERAL
hoy,ADVERVIO,GENERAL
ibidem,ADVERVIO,GENERAL
idem,ADVERVIO,GENERAL
igual,ADVERVIO,GENERAL
in_aeternum,ADVERVIO,GENERAL
in_albis,ADVERVIO,GENERAL
in_ánima_vili,ADVERVIO,GENERAL
in_artículo_mortis,ADVERVIO,GENERAL
in_crescendo,ADVERVIO,GENERAL
in_extenso,ADVERVIO,GENERAL
in_extremis,ADVERVIO,GENERAL
in_fieri,ADVERVIO,GENERAL
in_fraganti,ADVERVIO,GENERAL
in_illo_tempore,ADVERVIO,GENERAL
in_memóriam,ADVERVIO,GENERAL
in_pectore,ADVERVIO,GENERAL
in_perpétuum,ADVERVIO,GENERAL
in_promptu,ADVERVIO,GENERAL
in_situ,ADVERVIO,GENERAL
in_vitro,ADVERVIO,GENERAL
in_vivo,ADVERVIO,GENERAL
inclusive,ADVERVIO,GENERAL
incluso,ADVERVIO,GENERAL
intemerata,ADVERVIO,GENERAL
inter_nos,ADVERVIO,GENERAL
inter_vivos,ADVERVIO,GENERAL
ipso_facto,ADVERVIO,GENERAL
ipso_jure,ADVERVIO,GENERAL
jamás,ADVERVIO,GENERAL
justo,ADVERVIO,GENERAL
largo,ADVERVIO,GENERAL
lejos,ADVERVIO,GENERAL
lo_de_menos,ADVERVIO,GENERAL
lo_uno_por_lo_otro,ADVERVIO,GENERAL
loco_citato,ADVERVIO,GENERAL
luego,ADVERVIO,GENERAL
mal,ADVERVIO,GENERAL
mal_a_mal,ADVERVIO,GENERAL
manu_militari,ADVERVIO,GENERAL
mañana,ADVERVIO,GENERAL
más,ADVERVIO,GENERAL
más_de_la_cuenta,ADVERVIO,GENERAL
más_valiera,ADVERVIO,GENERAL
medio,ADVERVIO,GENERAL
mejor,ADVERVIO,GENERAL
menos,ADVERVIO,GENERAL
mientras,ADVERVIO,GENERAL
mortis_causa,ADVERVIO,GENERAL
motu_proprio,ADVERVIO,GENERAL
mucho,ADVERVIO,GENERAL
mutatis_mutandis,ADVERVIO,GENERAL
muy,ADVERVIO,GENERAL
muy_de_mañana,ADVERVIO,GENERAL
nada,ADVERVIO,GENERAL
nada_más_y_nada_menos,ADVERVIO,GENERAL
ni_a_la_de_tres,ADVERVIO,GENERAL
ni_a_tiros,ADVERVIO,GENERAL
ni_aún,ADVERVIO,GENERAL
ni_corto_ni_perezoso,ADVERVIO,GENERAL
ni_fu_ni_fa,ADVERVIO,GENERAL
ni_hablar_del_peluquín,ADVERVIO,GENERAL
ni_más_ni_menos,ADVERVIO,GENERAL
ni_mucho_menos,ADVERVIO,GENERAL
ni_que_decir_tiene,ADVERVIO,GENERAL
ni_remotamente,ADVERVIO,GENERAL
ni_rey_ni_roque,ADVERVIO,GENERAL
ni_suena_ni_truena,ADVERVIO,GENERAL
ni_tan_sólo,ADVERVIO,GENERAL
ni_tanto_así,ADVERVIO,GENERAL
ni_tanto_ni_tan_calvo,ADVERVIO,GENERAL
ni_tanto_ni_tan_poco,ADVERVIO,GENERAL
no,ADVERVIO,GENERAL
no_ha_lugar,ADVERVIO,GENERAL
nunca,ADVERVIO,GENERAL
off_line,ADVERVIO,GENERAL
ojalá,ADVERVIO,GENERAL
on_line,ADVERVIO,GENERAL
para_colmo,ADVERVIO,GENERAL
para_dar_y_tomar,ADVERVIO,GENERAL
para_más_inri,ADVERVIO,GENERAL
para_rato,ADVERVIO,GENERAL
para_remate,ADVERVIO,GENERAL
para_todo_trote,ADVERVIO,GENERAL
pasado_mañana,ADVERVIO,GENERAL
poco,ADVERVIO,GENERAL
poco_a_poco,ADVERVIO,GENERAL
por_adarmes,ADVERVIO,GENERAL
por_amor_de_Dios,ADVERVIO,GENERAL
por_anticipado,ADVERVIO,GENERAL
por_aquel_entonces,ADVERVIO,GENERAL
por_arte_de_birlibirloque,ADVERVIO,GENERAL
por_arte_de_magia,ADVERVIO,GENERAL
por_barba,ADVERVIO,GENERAL
por_carambola,ADVERVIO,GENERAL
por_ce_o_por_be,ADVERVIO,GENERAL
por_ceremonia,ADVERVIO,GENERAL
por_concuerda,ADVERVIO,GENERAL
por_consecuencia,ADVERVIO,GENERAL
por_consiguiente,ADVERVIO,GENERAL
por_contera,ADVERVIO,GENERAL
por_cuatro_reales,ADVERVIO,GENERAL
por_cuenta_y_riesgo,ADVERVIO,GENERAL
por_de_contado,ADVERVIO,GENERAL
por_de_pronto,ADVERVIO,GENERAL
por_debajo_de_cuerda,ADVERVIO,GENERAL
por_decirlo_así,ADVERVIO,GENERAL
por_descontado,ADVERVIO,GENERAL
por_duplicado,ADVERVIO,GENERAL
por_ejemplo,ADVERVIO,GENERAL
por_el_contrario,ADVERVIO,GENERAL
por_en_medio,ADVERVIO,GENERAL
por_ende,ADVERVIO,GENERAL
por_ensalmo,ADVERVIO,GENERAL
por_entonces,ADVERVIO,GENERAL
por_esos_mundos_de_Dios,ADVERVIO,GENERAL
por_favor,ADVERVIO,GENERAL
por_hache_o_por_be,ADVERVIO,GENERAL
por_igual,ADVERVIO,GENERAL
por_intuito,ADVERVIO,GENERAL
por_la_gracia_de_Dios,ADVERVIO,GENERAL
por_lo_bajines,ADVERVIO,GENERAL
por_lo_bajini,ADVERVIO,GENERAL
por_lo_bajinis,ADVERVIO,GENERAL
por_lo_claro,ADVERVIO,GENERAL
por_lo_común,ADVERVIO,GENERAL
por_lo_general,ADVERVIO,GENERAL
por_lo_menos,ADVERVIO,GENERAL
por_lo_presente,ADVERVIO,GENERAL
por_lo_pronto,ADVERVIO,GENERAL
por_lo_tanto,ADVERVIO,GENERAL
por_más_que_digas,ADVERVIO,GENERAL
por_minutos,ADVERVIO,GENERAL
por_nada_del_mundo,ADVERVIO,GENERAL
por_ningún_concepto,ADVERVIO,GENERAL
por_norma_general,ADVERVIO,GENERAL
por_oídas,ADVERVIO,GENERAL
por_onzas,ADVERVIO,GENERAL
por_otro_lado,ADVERVIO,GENERAL
por_pura_fórmula,ADVERVIO,GENERAL
por_real_decreto,ADVERVIO,GENERAL
por_regla_general,ADVERVIO,GENERAL
por_segundo_año_consecutivo,ADVERVIO,GENERAL
por_separado,ADVERVIO,GENERAL
por_si_acaso,ADVERVIO,GENERAL
por_si_las_moscas,ADVERVIO,GENERAL
por_siempre_jamás,ADVERVIO,GENERAL
por_supuesto,ADVERVIO,GENERAL
por_testa,ADVERVIO,GENERAL
por_todo_lo_alto,ADVERVIO,GENERAL
por_un_tris,ADVERVIO,GENERAL
por_ventura,ADVERVIO,GENERAL
primeramente,ADVERVIO,GENERAL
primero,ADVERVIO,GENERAL
pronto,ADVERVIO,GENERAL
pues,ADVERVIO,GENERAL
pues_bien,ADVERVIO,GENERAL
que_ni_hecho_de_encargo,ADVERVIO,GENERAL
que_ni_pintado,ADVERVIO,GENERAL
que_pela,ADVERVIO,GENERAL
que_si_tal_que_si_cual,ADVERVIO,GENERAL
quiera_que_no,ADVERVIO,GENERAL
quieras_que_no,ADVERVIO,GENERAL
quizá,ADVERVIO,GENERAL
quizás,ADVERVIO,GENERAL
rara_vez,ADVERVIO,GENERAL
recién,ADVERVIO,GENERAL
río_abajo,ADVERVIO,GENERAL
río_arriba,ADVERVIO,GENERAL
salga_lo_que_salga,ADVERVIO,GENERAL
sea_cual_fuere,ADVERVIO,GENERAL
sea_lo_que_fuere,ADVERVIO,GENERAL
según,ADVERVIO,GENERAL
según_como,ADVERVIO,GENERAL
seguro,ADVERVIO,GENERAL
sensu_lato,ADVERVIO,GENERAL
sensu_stricto,ADVERVIO,GENERAL
sí,ADVERVIO,GENERAL
si_acaso,ADVERVIO,GENERAL
si_bien_se_mira,ADVERVIO,GENERAL
siempre,ADVERVIO,GENERAL
siempre_y_cuando,ADVERVIO,GENERAL
siendo_así,ADVERVIO,GENERAL
sin_ambages,ADVERVIO,GENERAL
sin_chistar_ni_mistar,ADVERVIO,GENERAL
sin_comerlo_ni_beberlo,ADVERVIO,GENERAL
sin_duda_alguna,ADVERVIO,GENERAL
sin_ir_más_lejos,ADVERVIO,GENERAL
sin_lugar_a_dudas,ADVERVIO,GENERAL
sin_más_ni_más,ADVERVIO,GENERAL
sin_ninguna_duda,ADVERVIO,GENERAL
sin_pena_ni_gloria,ADVERVIO,GENERAL
sin_qué_ni_para_qué,ADVERVIO,GENERAL
sin_ton_ni_son,ADVERVIO,GENERAL
sin_trastes,ADVERVIO,GENERAL
sin_venir_a_pelo,ADVERVIO,GENERAL
siquiera,ADVERVIO,GENERAL
sobre_manera,ADVERVIO,GENERAL
sobre_seguro,ADVERVIO,GENERAL
solo,ADVERVIO,GENERAL
sólo,ADVERVIO,GENERAL
sub_voce,ADVERVIO,GENERAL
tal_cual,ADVERVIO,GENERAL
tal_vez,ADVERVIO,GENERAL
también,ADVERVIO,GENERAL
tampoco,ADVERVIO,GENERAL
tan,ADVERVIO,GENERAL
tan_siquiera,ADVERVIO,GENERAL
tanto,ADVERVIO,GENERAL
tanto_peor,ADVERVIO,GENERAL
tanto_por_ciento,ADVERVIO,GENERAL
tanto_por_tanto,ADVERVIO,GENERAL
tarde,ADVERVIO,GENERAL
temprano,ADVERVIO,GENERAL
tierra_adentro,ADVERVIO,GENERAL
todavía,ADVERVIO,GENERAL
todo_lo_contrario,ADVERVIO,GENERAL
tutti_quanti,ADVERVIO,GENERAL
un_día_u_otro,ADVERVIO,GENERAL
un_día_y_otro,ADVERVIO,GENERAL
un_poco_tarde,ADVERVIO,GENERAL
una_y_no_más,ADVERVIO,GENERAL
uno_por_uno,ADVERVIO,GENERAL
urbi_et_orbi,ADVERVIO,GENERAL
velis_nolis,ADVERVIO,GENERAL
viceversa,ADVERVIO,GENERAL
vox_populi,ADVERVIO,GENERAL
ya,ADVERVIO,GENERAL
ya_es_mucho_decir,ADVERVIO,GENERAL
ya_será_menos,ADVERVIO,GENERAL
